{"cameraMode":{"drawMode":0,"name":"Shaded","section":"Shading Mode"},"sceneLighting":false,"audioPlay":false,"sceneViewState":{"showFog":true,"showMaterialUpdate":false,"showSkybox":false,"showFlares":true,"showImageEffects":true,"showParticleSystems":true},"in2DMode":false,"pivot":{"x":2.384185791015625e-7,"y":0.0,"z":-4.76837158203125e-7},"rotation":{"x":-0.25051525235176089,"y":0.006977828685194254,"z":-0.0017912284238263965,"w":-0.9681190848350525},"size":4.330130577087402,"orthographic":false}