{"cameraMode":{"drawMode":0,"name":"Shaded","section":"Shading Mode"},"sceneLighting":true,"audioPlay":false,"sceneViewState":{"showFog":true,"showMaterialUpdate":false,"showSkybox":true,"showFlares":true,"showImageEffects":true,"showParticleSystems":true},"in2DMode":false,"pivot":{"x":-2162.78955078125,"y":-281.7488098144531,"z":3460.461669921875},"rotation":{"x":0.03804102912545204,"y":-0.2744465470314026,"z":0.011014415882527829,"w":0.9609130024909973},"size":2043.4344482421875,"orthographic":false}