{"cameraMode":{"drawMode":0,"name":"Shaded","section":"Shading Mode"},"sceneLighting":true,"audioPlay":false,"sceneViewState":{"showFog":true,"showMaterialUpdate":false,"showSkybox":true,"showFlares":true,"showImageEffects":true,"showParticleSystems":true},"in2DMode":false,"pivot":{"x":30.452960968017579,"y":111.5430908203125,"z":-41.89474868774414},"rotation":{"x":-0.37190157175064089,"y":0.2915789783000946,"z":-0.12425416707992554,"w":-0.8725209832191467},"size":4.737743377685547,"orthographic":false}