{"cameraMode":{"drawMode":0,"name":"Shaded","section":"Shading Mode"},"sceneLighting":false,"audioPlay":false,"sceneViewState":{"showFog":true,"showMaterialUpdate":true,"showSkybox":false,"showFlares":true,"showImageEffects":true,"showParticleSystems":true},"in2DMode":false,"pivot":{"x":1.1187940835952759,"y":9.964218139648438,"z":-8.149605751037598},"rotation":{"x":0.5269668102264404,"y":0.1225828155875206,"z":-0.07714537531137467,"w":0.8375389575958252},"size":3.539618730545044,"orthographic":false}