{"cameraMode":{"drawMode":0,"name":"Shaded","section":"Shading Mode"},"sceneLighting":true,"audioPlay":false,"sceneViewState":{"showFog":true,"showMaterialUpdate":true,"showSkybox":true,"showFlares":true,"showImageEffects":true,"showParticleSystems":true},"in2DMode":false,"pivot":{"x":0.6677833795547485,"y":85.12930297851563,"z":-7.390667915344238},"rotation":{"x":-0.0563453733921051,"y":0.7295899987220764,"z":-0.06055571138858795,"w":-0.6788656711578369},"size":71.51976013183594,"orthographic":false}