{"cameraMode":{"drawMode":0,"name":"Shaded","section":"Shading Mode"},"sceneLighting":true,"audioPlay":false,"sceneViewState":{"showFog":true,"showMaterialUpdate":true,"showSkybox":true,"showFlares":true,"showImageEffects":true,"showParticleSystems":true},"in2DMode":false,"pivot":{"x":-181.09359741210938,"y":10.160408020019532,"z":12.774935722351075},"rotation":{"x":-0.24498878419399262,"y":0.6237785220146179,"z":-0.2151315063238144,"w":-0.7103530168533325},"size":71.51976013183594,"orthographic":false}