{"cameraMode":{"drawMode":0,"name":"Shaded","section":"Shading Mode"},"sceneLighting":true,"audioPlay":false,"sceneViewState":{"showFog":true,"showMaterialUpdate":true,"showSkybox":true,"showFlares":true,"showImageEffects":true,"showParticleSystems":true},"in2DMode":false,"pivot":{"x":-54.44196319580078,"y":113.61067199707031,"z":-31.829246520996095},"rotation":{"x":-0.43693459033966067,"y":-0.30531078577041628,"z":0.16058464348316194,"w":-0.8307156562805176},"size":71.51976013183594,"orthographic":false}