{"cameraMode":{"drawMode":0,"name":"Shaded","section":"Shading Mode"},"sceneLighting":true,"audioPlay":false,"sceneViewState":{"showFog":true,"showMaterialUpdate":true,"showSkybox":true,"showFlares":true,"showImageEffects":true,"showParticleSystems":true},"in2DMode":false,"pivot":{"x":-557.761474609375,"y":371.0259704589844,"z":225.71649169921876},"rotation":{"x":0.17336449027061463,"y":0.7496529221534729,"z":-0.21620172262191773,"w":0.6010186672210693},"size":270.3841857910156,"orthographic":false}