{"cameraMode":{"drawMode":0,"name":"Shaded","section":"Shading Mode"},"sceneLighting":true,"audioPlay":false,"sceneViewState":{"showFog":true,"showMaterialUpdate":true,"showSkybox":true,"showFlares":true,"showImageEffects":true,"showParticleSystems":true},"in2DMode":false,"pivot":{"x":1.6758809089660645,"y":170.86257934570313,"z":-12.849078178405762},"rotation":{"x":-0.37392425537109377,"y":-0.6104716658592224,"z":0.3977925181388855,"w":-0.5738415718078613},"size":57.2808952331543,"orthographic":false}