{"cameraMode":{"drawMode":0,"name":"Shaded","section":"Shading Mode"},"sceneLighting":true,"audioPlay":false,"sceneViewState":{"showFog":true,"showMaterialUpdate":true,"showSkybox":true,"showFlares":true,"showImageEffects":true,"showParticleSystems":true},"in2DMode":false,"pivot":{"x":63.53634262084961,"y":7.239434242248535,"z":6.582460880279541},"rotation":{"x":-0.37200668454170229,"y":0.45468616485595705,"z":-0.21696077287197114,"w":-0.7796279191970825},"size":96.73844909667969,"orthographic":false}