{"cameraMode":{"drawMode":0,"name":"Shaded","section":"Shading Mode"},"sceneLighting":true,"audioPlay":false,"sceneViewState":{"showFog":true,"showMaterialUpdate":true,"showSkybox":true,"showFlares":true,"showImageEffects":true,"showParticleSystems":true},"in2DMode":false,"pivot":{"x":-34.65643310546875,"y":84.67076873779297,"z":0.9309232831001282},"rotation":{"x":0.45630887150764468,"y":0.48047640919685366,"z":-0.3250201642513275,"w":0.674871563911438},"size":4.13961935043335,"orthographic":false}