{"cameraMode":{"drawMode":0,"name":"Shaded","section":"Shading Mode"},"sceneLighting":true,"audioPlay":false,"sceneViewState":{"showFog":true,"showMaterialUpdate":true,"showSkybox":true,"showFlares":true,"showImageEffects":true,"showParticleSystems":true},"in2DMode":false,"pivot":{"x":-14.08102035522461,"y":30.732053756713868,"z":-132.3164825439453},"rotation":{"x":0.1291312426328659,"y":0.5934240221977234,"z":-0.09713523089885712,"w":0.788520872592926},"size":14.15097713470459,"orthographic":false}