{"cameraMode":{"drawMode":0,"name":"Shaded","section":"Shading Mode"},"sceneLighting":true,"audioPlay":false,"sceneViewState":{"showFog":true,"showMaterialUpdate":true,"showSkybox":true,"showFlares":true,"showImageEffects":true,"showParticleSystems":true},"in2DMode":false,"pivot":{"x":11.999509811401368,"y":-7.4036993980407719,"z":-59.897403717041019},"rotation":{"x":-0.16356714069843293,"y":0.19683469831943513,"z":-0.03332067281007767,"w":-0.9661341309547424},"size":32.88087463378906,"orthographic":false}