{"cameraMode":{"drawMode":0,"name":"Shaded","section":"Shading Mode"},"sceneLighting":true,"audioPlay":false,"sceneViewState":{"showFog":true,"showMaterialUpdate":false,"showSkybox":true,"showFlares":true,"showImageEffects":true,"showParticleSystems":true},"in2DMode":false,"pivot":{"x":6.643113136291504,"y":14.767389297485352,"z":-13.35534381866455},"rotation":{"x":0.12210358679294586,"y":0.13799935579299928,"z":-0.017111286520957948,"w":0.9827475547790527},"size":3.2660253047943117,"orthographic":false}