{"cameraMode":{"drawMode":0,"name":"Shaded","section":"Shading Mode"},"sceneLighting":true,"audioPlay":false,"sceneViewState":{"showFog":true,"showMaterialUpdate":true,"showSkybox":true,"showFlares":true,"showImageEffects":true,"showParticleSystems":true},"in2DMode":false,"pivot":{"x":-78.55764770507813,"y":-26.260440826416017,"z":6.905017852783203},"rotation":{"x":-0.14282828569412232,"y":0.6093795895576477,"z":-0.11278437077999115,"w":-0.7717099785804749},"size":55.02174758911133,"orthographic":false}