{"cameraMode":{"drawMode":0,"name":"Shaded","section":"Shading Mode"},"sceneLighting":false,"audioPlay":false,"sceneViewState":{"showFog":true,"showMaterialUpdate":true,"showSkybox":false,"showFlares":true,"showImageEffects":true,"showParticleSystems":true},"in2DMode":false,"pivot":{"x":0.12042152881622315,"y":1.5803303718566895,"z":-0.8661336898803711},"rotation":{"x":-0.23801180720329286,"y":0.09538743644952774,"z":-0.023495644330978395,"w":-0.9662814736366272},"size":4.330127239227295,"orthographic":false}