{"cameraMode":{"drawMode":0,"name":"Shaded","section":"Shading Mode"},"sceneLighting":true,"audioPlay":false,"sceneViewState":{"showFog":true,"showMaterialUpdate":true,"showSkybox":true,"showFlares":true,"showImageEffects":true,"showParticleSystems":true},"in2DMode":false,"pivot":{"x":-11.723480224609375,"y":47.511741638183597,"z":-136.23268127441407},"rotation":{"x":-0.08532511442899704,"y":0.1696680337190628,"z":0.014787350781261921,"w":0.9817028641700745},"size":9.444303512573243,"orthographic":false}