{"cameraMode":{"drawMode":0,"name":"Shaded","section":"Shading Mode"},"sceneLighting":true,"audioPlay":false,"sceneViewState":{"showFog":true,"showMaterialUpdate":true,"showSkybox":true,"showFlares":true,"showImageEffects":true,"showParticleSystems":true},"in2DMode":false,"pivot":{"x":67.98245239257813,"y":-564.994384765625,"z":206.07876586914063},"rotation":{"x":0.5564000606536865,"y":0.1277267187833786,"z":-0.08739187568426132,"w":0.8165081739425659},"size":392.78033447265627,"orthographic":false}